epoch,step,test_acc,test_loss
0,0,0.5733000040054321,1.2163560390472412
