epoch,step,test_acc,test_loss
0,0,0.5743000507354736,1.1835269927978516
